{"copyright":"Copyright GamesLabs SASU 2017","textures":{"a":"legacy/entities/black_dragon"},"elements":[{"from":[7,8,3.5],"to":[9,9.5,8.5],"faces":{"east":{"uv":[4.5,2,5.75,2.375],"texture":"#a"},"south":{"uv":[7.5,2,8,2.375],"texture":"#a"},"north":{"uv":[5.75,2,6.25,2.375],"texture":"#a"},"west":{"uv":[6.25,2,7.5,2.375],"texture":"#a"},"up":{"uv":[5.75,0.75,6.25,2],"texture":"#a"},"down":{"uv":[6.25,0.75,6.25,2],"texture":"#a"}}},{"from":[6,7.5,6],"to":[10,9,11.5],"faces":{"east":{"uv":[4.5,7.375,5.875,7.75],"texture":"#a"},"south":{"uv":[8.25,7.375,9.25,7.75],"texture":"#a"},"north":{"uv":[5.875,7.375,6.875,7.75],"texture":"#a"},"west":{"uv":[6.875,7.375,8.25,7.75],"texture":"#a"},"up":{"uv":[5.875,6,6.875,7.375],"texture":"#a"},"down":{"uv":[6.875,6,6.875,7.375],"texture":"#a"}}},{"from":[9.5,7,10],"to":[10.5,8,11],"faces":{"east":{"uv":[15,6,15.25,6.25],"texture":"#a"},"south":{"uv":[15.75,6,16,6.25],"texture":"#a"},"north":{"uv":[15.25,6,15.5,6.25],"texture":"#a"},"west":{"uv":[15.5,6,15.75,6.25],"texture":"#a"},"up":{"uv":[15.25,5.75,15.5,6],"texture":"#a"},"down":{"uv":[15.5,5.75,15.5,6],"texture":"#a"}}},{"from":[5.5,7,10],"to":[6.5,8,11],"faces":{"east":{"uv":[14.5,5.5,14.75,5.75],"texture":"#a"},"south":{"uv":[15.25,5.5,15.5,5.75],"texture":"#a"},"north":{"uv":[14.75,5.5,15,5.75],"texture":"#a"},"west":{"uv":[15,5.5,15.25,5.75],"texture":"#a"},"up":{"uv":[14.75,5.25,15,5.5],"texture":"#a"},"down":{"uv":[15,5.25,15,5.5],"texture":"#a"}}},{"from":[7.5,8.375,8.5],"to":[8.5,9.375,12.5],"faces":{"east":{"uv":[0,1.25,1,1.5],"texture":"#a"},"south":{"uv":[2.25,1.25,2.5,1.5],"texture":"#a"},"north":{"uv":[1,1.25,1.25,1.5],"texture":"#a"},"west":{"uv":[1.25,1.25,2.25,1.5],"texture":"#a"},"up":{"uv":[1,0.25,1.25,1.25],"texture":"#a"},"down":{"uv":[1.25,0.25,1.25,1.25],"texture":"#a"}}},{"from":[5.5,7.25,5.5],"to":[6.5,8,6.25],"faces":{"east":{"uv":[9.5,4.6875,9.6875,4.875],"texture":"#a"},"south":{"uv":[10.125,4.6875,10.375,4.875],"texture":"#a"},"north":{"uv":[9.6875,4.6875,9.9375,4.875],"texture":"#a"},"west":{"uv":[9.9375,4.6875,10.125,4.875],"texture":"#a"},"up":{"uv":[9.6875,4.5,9.9375,4.6875],"texture":"#a"},"down":{"uv":[9.9375,4.5,9.9375,4.6875],"texture":"#a"}}},{"from":[9.5,7.25,5.5],"to":[10.5,8,6.25],"faces":{"east":{"uv":[14.5,5.4375,14.6875,5.625],"texture":"#a"},"south":{"uv":[15.125,5.4375,15.375,5.625],"texture":"#a"},"north":{"uv":[14.6875,5.4375,14.9375,5.625],"texture":"#a"},"west":{"uv":[14.9375,5.4375,15.125,5.625],"texture":"#a"},"up":{"uv":[14.6875,5.25,14.9375,5.4375],"texture":"#a"},"down":{"uv":[14.9375,5.25,14.9375,5.4375],"texture":"#a"}}},{"from":[7.6875,8.875,3],"to":[8.1875,9.875,10],"faces":{"east":{"uv":[0,3.25,1.75,3.5],"texture":"#a"},"south":{"uv":[3.625,3.25,3.75,3.5],"texture":"#a"},"north":{"uv":[1.75,3.25,1.875,3.5],"texture":"#a"},"west":{"uv":[1.875,3.25,3.625,3.5],"texture":"#a"},"up":{"uv":[1.75,1.5,1.875,3.25],"texture":"#a"},"down":{"uv":[1.875,1.5,1.875,3.25],"texture":"#a"}}},{"from":[6.375,7.8125,11],"to":[9.375,8.8125,12],"faces":{"east":{"uv":[13,6,13.25,6.25],"texture":"#a"},"south":{"uv":[14.25,6,15,6.25],"texture":"#a"},"north":{"uv":[13.25,6,14,6.25],"texture":"#a"},"west":{"uv":[14,6,14.25,6.25],"texture":"#a"},"up":{"uv":[13.25,5.75,14,6],"texture":"#a"},"down":{"uv":[14,5.75,14,6],"texture":"#a"}}},{"from":[7,7,6],"to":[9,8.5,10.5],"faces":{"east":{"uv":[9.5,7.375,10.625,7.75],"texture":"#a"},"south":{"uv":[12.25,7.375,12.75,7.75],"texture":"#a"},"north":{"uv":[10.625,7.375,11.125,7.75],"texture":"#a"},"west":{"uv":[11.125,7.375,12.25,7.75],"texture":"#a"},"up":{"uv":[10.625,6.25,11.125,7.375],"texture":"#a"},"down":{"uv":[11.125,6.25,11.125,7.375],"texture":"#a"}}}],"display":{"head":{"translation":[0,0,0],"scale":[6.4,6.4,6.4]}}}