{"copyright":"Copyright GamesLabs SASU 2017","textures":{"a":"legacy/entities/black_dragon"},"elements":[{"from":[7,8,6],"to":[9,9,7.9375],"faces":{"east":{"uv":[9.5,5.484375,9.984375,5.734375],"texture":"#a"},"south":{"uv":[10.96875,5.484375,11.46875,5.734375],"texture":"#a"},"north":{"uv":[9.984375,5.484375,10.484375,5.734375],"texture":"#a"},"west":{"uv":[10.484375,5.484375,10.96875,5.734375],"texture":"#a"},"up":{"uv":[9.984375,5,10.484375,5.484375],"texture":"#a"},"down":{"uv":[10.484375,5,10.484375,5.484375],"texture":"#a"}}},{"from":[7.5,7.5,7.5],"to":[8.5,8.5,8.5],"faces":{"east":{"uv":[14.5,5.5,14.75,5.75],"texture":"#a"},"south":{"uv":[15.25,5.5,15.5,5.75],"texture":"#a"},"north":{"uv":[14.75,5.5,15,5.75],"texture":"#a"},"west":{"uv":[15,5.5,15.25,5.75],"texture":"#a"},"up":{"uv":[14.75,5.25,15,5.5],"texture":"#a"},"down":{"uv":[15,5.25,15,5.5],"texture":"#a"}}},{"from":[7.5,8,5.5],"to":[8.5,8.5,6.5],"faces":{"east":{"uv":[9.5,4.25,9.75,4.375],"texture":"#a"},"south":{"uv":[10.25,4.25,10.5,4.375],"texture":"#a"},"north":{"uv":[9.75,4.25,10,4.375],"texture":"#a"},"west":{"uv":[10,4.25,10.25,4.375],"texture":"#a"},"up":{"uv":[9.75,4,10,4.25],"texture":"#a"},"down":{"uv":[10,4,10,4.25],"texture":"#a"}}},{"from":[7.1875,8.5,6.875],"to":[8.6875,9.5,7.875],"faces":{"east":{"uv":[13,5.5,13.25,5.75],"texture":"#a"},"south":{"uv":[13.875,5.5,14.25,5.75],"texture":"#a"},"north":{"uv":[13.25,5.5,13.625,5.75],"texture":"#a"},"west":{"uv":[13.625,5.5,13.875,5.75],"texture":"#a"},"up":{"uv":[13.25,5.25,13.625,5.5],"texture":"#a"},"down":{"uv":[13.625,5.25,13.625,5.5],"texture":"#a"}}},{"from":[7.25,9.5,7.5],"to":[7.625,10.5,7.875],"faces":{"east":{"uv":[9.5,3.59375,9.59375,3.84375],"texture":"#a"},"south":{"uv":[9.78125,3.59375,9.875,3.84375],"texture":"#a"},"north":{"uv":[9.59375,3.59375,9.6875,3.84375],"texture":"#a"},"west":{"uv":[9.6875,3.59375,9.78125,3.84375],"texture":"#a"},"up":{"uv":[9.59375,3.5,9.6875,3.59375],"texture":"#a"},"down":{"uv":[9.6875,3.5,9.6875,3.59375],"texture":"#a"}}},{"from":[8.25,9.5,7.5],"to":[8.625,10.5,7.875],"faces":{"east":{"uv":[9.5,3.59375,9.59375,3.84375],"texture":"#a"},"south":{"uv":[9.78125,3.59375,9.875,3.84375],"texture":"#a"},"north":{"uv":[9.59375,3.59375,9.6875,3.84375],"texture":"#a"},"west":{"uv":[9.6875,3.59375,9.78125,3.84375],"texture":"#a"},"up":{"uv":[9.59375,3.5,9.6875,3.59375],"texture":"#a"},"down":{"uv":[9.6875,3.5,9.6875,3.59375],"texture":"#a"}}},{"from":[7.3,10.5,7.5],"to":[7.625,10.75,7.825],"faces":{"east":{"uv":[9.5,3.08125,9.58125,3.14375],"texture":"#a"},"south":{"uv":[9.743750000000002,3.08125,9.825000000000003,3.14375],"texture":"#a"},"north":{"uv":[9.58125,3.08125,9.662500000000001,3.14375],"texture":"#a"},"west":{"uv":[9.662500000000001,3.08125,9.743750000000002,3.14375],"texture":"#a"},"up":{"uv":[9.58125,3,9.662500000000001,3.08125],"texture":"#a"},"down":{"uv":[9.662500000000001,3,9.662500000000001,3.08125],"texture":"#a"}}},{"from":[8.25,10.5,7.5],"to":[8.625,10.75,7.875],"faces":{"east":{"uv":[9.5,3.09375,9.59375,3.15625],"texture":"#a"},"south":{"uv":[9.78125,3.09375,9.875,3.15625],"texture":"#a"},"north":{"uv":[9.59375,3.09375,9.6875,3.15625],"texture":"#a"},"west":{"uv":[9.6875,3.09375,9.78125,3.15625],"texture":"#a"},"up":{"uv":[9.59375,3,9.6875,3.09375],"texture":"#a"},"down":{"uv":[9.6875,3,9.6875,3.09375],"texture":"#a"}}}],"display":{"head":{"translation":[0,0,0],"scale":[6.4,6.4,6.4]}}}