{"copyright":"Copyright GamesLabs SASU 2017","textures":{"a":"legacy/entities/black_dragon"},"elements":[{"from":[8,8,7.75],"to":[14,9,8.25],"faces":{"east":{"uv":[4.5,0.375,4.625,0.625],"texture":"#a"},"south":{"uv":[6.25,0.375,7.75,0.625],"texture":"#a"},"north":{"uv":[4.625,0.375,6.125,0.625],"texture":"#a"},"west":{"uv":[6.125,0.375,6.25,0.625],"texture":"#a"},"up":{"uv":[4.625,0.25,6.125,0.375],"texture":"#a"},"down":{"uv":[6.125,0.25,6.125,0.375],"texture":"#a"}}},{"from":[13.5,8.5,8.25],"to":[14,9,15.75],"faces":{"east":{"uv":[0,7.625,1.875,7.75],"texture":"#a"},"south":{"uv":[3.875,7.625,4,7.75],"texture":"#a"},"north":{"uv":[1.875,7.625,2,7.75],"texture":"#a"},"west":{"uv":[2,7.625,3.875,7.75],"texture":"#a"},"up":{"uv":[1.875,5.75,2,7.625],"texture":"#a"},"down":{"uv":[2,5.75,2,7.625],"texture":"#a"}}},{"from":[10.5,8.5,8.25],"to":[13.50000024,8.875,13.75],"faces":{"east":{"uv":[4.5,5.625,5.875,5.71875],"texture":"#a"},"south":{"uv":[8.00000006,5.625,8.75000012,5.71875],"texture":"#a"},"north":{"uv":[5.875,5.625,6.62500006,5.71875],"texture":"#a"},"west":{"uv":[6.62500006,5.625,8.00000006,5.71875],"texture":"#a"},"up":{"uv":[5.875,4.25,6.62500006,5.625],"texture":"#a"},"down":{"uv":[6.62500006,4.25,6.62500006,5.625],"texture":"#a"}}}],"display":{"head":{"translation":[0,0,0],"scale":[6.4,6.4,6.4]}}}