{"copyright":"Copyright GamesLabs SASU 2017","textures":{"a":"legacy/entities/black_dragon"},"elements":[{"from":[7.75,8,7.75],"to":[8.25,8.5,9.75],"faces":{"east":{"uv":[8,2.25,8.5,2.375],"texture":"#a"},"south":{"uv":[9.125,2.25,9.25,2.375],"texture":"#a"},"north":{"uv":[8.5,2.25,8.625,2.375],"texture":"#a"},"west":{"uv":[8.625,2.25,9.125,2.375],"texture":"#a"},"up":{"uv":[8.5,1.75,8.625,2.25],"texture":"#a"},"down":{"uv":[8.625,1.75,8.625,2.25],"texture":"#a"}}}],"display":{"head":{"translation":[0,0,0],"scale":[6.4,6.4,6.4]}}}