{"copyright":"Copyright GamesLabs SASU 2017","textures":{"a":"legacy/entities/black_dragon"},"elements":[{"from":[7.75,6,7.75],"to":[8.25,8,8.25],"faces":{"east":{"uv":[15,6.625,15.125,7.125],"texture":"#a"},"south":{"uv":[15.375,6.625,15.5,7.125],"texture":"#a"},"north":{"uv":[15.125,6.625,15.25,7.125],"texture":"#a"},"west":{"uv":[15.25,6.625,15.375,7.125],"texture":"#a"},"up":{"uv":[15.125,6.5,15.25,6.625],"texture":"#a"},"down":{"uv":[15.25,6.5,15.25,6.625],"texture":"#a"}}}],"display":{"head":{"translation":[0,0,0],"scale":[6.4,6.4,6.4]}}}