{"copyright":"Copyright GamesLabs SASU 2017","textures":{"a":"legacy/entities/black_dragon"},"elements":[{"from":[7.5,6.5,7.75],"to":[8.5,8,8.25],"faces":{"east":{"uv":[15,7.375,15.125,7.75],"texture":"#a"},"south":{"uv":[15.5,7.375,15.75,7.75],"texture":"#a"},"north":{"uv":[15.125,7.375,15.375,7.75],"texture":"#a"},"west":{"uv":[15.375,7.375,15.5,7.75],"texture":"#a"},"up":{"uv":[15.125,7.25,15.375,7.375],"texture":"#a"},"down":{"uv":[15.375,7.25,15.375,7.375],"texture":"#a"}}},{"from":[7.0625,6,6.75],"to":[8.5,6.5,8.75],"faces":{"east":{"uv":[13,7.75,13.5,7.875],"texture":"#a"},"south":{"uv":[14.359375,7.75,14.71875,7.875],"texture":"#a"},"north":{"uv":[13.5,7.75,13.859375,7.875],"texture":"#a"},"west":{"uv":[13.859375,7.75,14.359375,7.875],"texture":"#a"},"up":{"uv":[13.5,7.25,13.859375,7.75],"texture":"#a"},"down":{"uv":[13.859375,7.25,13.859375,7.75],"texture":"#a"}}}],"display":{"head":{"translation":[0,0,0],"scale":[6.4,6.4,6.4]}}}