{"copyright":"Copyright GamesLabs SASU 2017","textures":{"a":"legacy/entities/black_dragon"},"elements":[{"from":[7.75,6.499999523,8.250001430000001],"to":[8.5,6.999999523,9.750001430000001],"faces":{"east":{"uv":[8,0.625,8.375,0.75],"texture":"#a"},"south":{"uv":[8.9375,0.625,9.125,0.75],"texture":"#a"},"north":{"uv":[8.375,0.625,8.5625,0.75],"texture":"#a"},"west":{"uv":[8.5625,0.625,8.9375,0.75],"texture":"#a"},"up":{"uv":[8.375,0.25,8.5625,0.625],"texture":"#a"},"down":{"uv":[8.5625,0.25,8.5625,0.625],"texture":"#a"}}},{"from":[7,6,6.75],"to":[8.5,6.5,8.75],"faces":{"east":{"uv":[13,7.75,13.5,7.875],"texture":"#a"},"south":{"uv":[14.375,7.75,14.75,7.875],"texture":"#a"},"north":{"uv":[13.5,7.75,13.875,7.875],"texture":"#a"},"west":{"uv":[13.875,7.75,14.375,7.875],"texture":"#a"},"up":{"uv":[13.5,7.25,13.875,7.75],"texture":"#a"},"down":{"uv":[13.875,7.25,13.875,7.75],"texture":"#a"}}}],"display":{"head":{"translation":[0,0,0],"scale":[6.4,6.4,6.4]}}}