{"copyright":"Copyright GamesLabs SASU 2017","textures":{"a":"legacy/entities/black_dragon"},"elements":[{"from":[7.5,7.75,6],"to":[8.5,8.25,8],"faces":{"east":{"uv":[11.5,5.5,12,5.625],"texture":"#a"},"south":{"uv":[12.75,5.5,13,5.625],"texture":"#a"},"north":{"uv":[12,5.5,12.25,5.625],"texture":"#a"},"west":{"uv":[12.25,5.5,12.75,5.625],"texture":"#a"},"up":{"uv":[12,5,12.25,5.5],"texture":"#a"},"down":{"uv":[12.25,5,12.25,5.5],"texture":"#a"}}}],"display":{"head":{"translation":[0,0,0],"scale":[6.4,6.4,6.4]}}}