{"copyright":"Copyright GamesLabs SASU 2017","textures":{"a":"legacy/entities/black_dragon"},"elements":[{"from":[7.25,8,8.375],"to":[8,8.5,9.875],"faces":{"east":{"uv":[8,0.625,8.375,0.75],"texture":"#a"},"south":{"uv":[8.9375,0.625,9.125,0.75],"texture":"#a"},"north":{"uv":[8.375,0.625,8.5625,0.75],"texture":"#a"},"west":{"uv":[8.5625,0.625,8.9375,0.75],"texture":"#a"},"up":{"uv":[8.375,0.25,8.5625,0.625],"texture":"#a"},"down":{"uv":[8.5625,0.25,8.5625,0.625],"texture":"#a"}}},{"from":[7,7.5,6.875],"to":[8.5,8,8.875],"faces":{"east":{"uv":[13,7,13.5,7.125],"texture":"#a"},"south":{"uv":[14.375,7,14.75,7.125],"texture":"#a"},"north":{"uv":[13.5,7,13.875,7.125],"texture":"#a"},"west":{"uv":[13.875,7,14.375,7.125],"texture":"#a"},"up":{"uv":[13.5,6.5,13.875,7],"texture":"#a"},"down":{"uv":[13.875,6.5,13.875,7],"texture":"#a"}}}],"display":{"head":{"translation":[0,0,0],"scale":[6.4,6.4,6.4]}}}