{"copyright":"Copyright GamesLabs SASU 2017","textures":{"a":"legacy/entities/black_dragon"},"elements":[{"from":[2,8,7.75],"to":[8,9,8.25],"faces":{"east":{"uv":[9.5,5.875,9.625,6.125],"texture":"#a"},"south":{"uv":[11.25,5.875,12.75,6.125],"texture":"#a"},"north":{"uv":[9.625,5.875,11.125,6.125],"texture":"#a"},"west":{"uv":[11.125,5.875,11.25,6.125],"texture":"#a"},"up":{"uv":[9.625,5.75,11.125,5.875],"texture":"#a"},"down":{"uv":[11.125,5.75,11.125,5.875],"texture":"#a"}}},{"from":[2,8.5,8.25],"to":[2.5,9,15.75],"faces":{"east":{"uv":[0,5.375,1.875,5.5],"texture":"#a"},"south":{"uv":[3.875,5.375,4,5.5],"texture":"#a"},"north":{"uv":[1.875,5.375,2,5.5],"texture":"#a"},"west":{"uv":[2,5.375,3.875,5.5],"texture":"#a"},"up":{"uv":[1.875,3.5,2,5.375],"texture":"#a"},"down":{"uv":[2,3.5,2,5.375],"texture":"#a"}}},{"from":[2.5,8.5,8.25],"to":[5.5,8.875,13.75],"faces":{"east":{"uv":[4.5,3.875,5.875,3.96875],"texture":"#a"},"south":{"uv":[8,3.875,8.75,3.96875],"texture":"#a"},"north":{"uv":[5.875,3.875,6.625,3.96875],"texture":"#a"},"west":{"uv":[6.625,3.875,8,3.96875],"texture":"#a"},"up":{"uv":[5.875,2.5,6.625,3.875],"texture":"#a"},"down":{"uv":[6.625,2.5,6.625,3.875],"texture":"#a"}}}],"display":{"head":{"translation":[0,0,0],"scale":[6.4,6.4,6.4]}}}