{"copyright":"Copyright GamesLabs SASU 2017","textures":{"a":"legacy/entities/black_dragon"},"elements":[{"from":[7.75,7.5,8],"to":[8.25,8.5,9.5],"faces":{"east":{"uv":[8,1.375,8.375,1.625],"texture":"#a"},"south":{"uv":[8.875,1.375,9,1.625],"texture":"#a"},"north":{"uv":[8.375,1.375,8.5,1.625],"texture":"#a"},"west":{"uv":[8.5,1.375,8.875,1.625],"texture":"#a"},"up":{"uv":[8.375,1,8.5,1.375],"texture":"#a"},"down":{"uv":[8.5,1,8.5,1.375],"texture":"#a"}}}],"display":{"head":{"translation":[0,0,0],"scale":[6.4,6.4,6.4]}}}