{"copyright":"Copyright GamesLabs SASU 2017","textures":{"a":"legacy/entities/black_dragon"},"elements":[{"from":[7.5,7.5,8],"to":[8.5,8.5,10.5],"faces":{"east":{"uv":[2.5,1.125,3.125,1.375],"texture":"#a"},"south":{"uv":[4,1.125,4.25,1.375],"texture":"#a"},"north":{"uv":[3.125,1.125,3.375,1.375],"texture":"#a"},"west":{"uv":[3.375,1.125,4,1.375],"texture":"#a"},"up":{"uv":[3.125,0.5,3.375,1.125],"texture":"#a"},"down":{"uv":[3.375,0.5,3.375,1.125],"texture":"#a"}}}],"display":{"head":{"translation":[0,0,0],"scale":[6.4,6.4,6.4]}}}