{"copyright":"Copyright GamesLabs SASU 2017","textures":{"a":"legacy/entities/black_dragon"},"elements":[{"from":[5.25,7.5,8],"to":[7.75,8,8.5],"faces":{"east":{"uv":[2.5,0.125,2.625,0.25],"texture":"#a"},"south":{"uv":[3.375,0.125,4,0.25],"texture":"#a"},"north":{"uv":[2.625,0.125,3.25,0.25],"texture":"#a"},"west":{"uv":[3.25,0.125,3.375,0.25],"texture":"#a"},"up":{"uv":[2.625,0,3.25,0.125],"texture":"#a"},"down":{"uv":[3.25,0,3.25,0.125],"texture":"#a"}}}],"display":{"head":{"translation":[0,0,0],"scale":[6.4,6.4,6.4]}}}